{
  "scaler_mean": [
    7.703448275862069,
    7.703448275862069,
    8658.171379310346,
    8658.171379310346,
    1215.0817675136946,
    980.5338831901519,
    1766.916523238982,
    1649.138974479003,
    7.493103448275862,
    7.493103448275862,
    9322777.343289008,
    0.9665138053169621,
    0.041379310344827586,
    0.0
  ],
  "scaler_scale": [
    4.057133586287218,
    4.473098344441887,
    12650.398453175592,
    20644.39498637267,
    1716.194025659126,
    1639.6264348093564,
    3390.2746432816543,
    3745.9556333138867,
    4.060952074073166,
    3.7940453376022294,
    71432962.66031499,
    0.10193546203372184,
    0.1991659183199124,
    1.0
  ],
  "num_node_features": 14
}