{
  "scaler_mean": [
    1.5344954578934447,
    13522.642453855975,
    2847.167103016061,
    1.5344954578934447,
    13522.642453855975,
    5541.927487799421
  ],
  "scaler_scale": [
    8.441553633115909,
    90484.68463921927,
    18852.907517100237,
    7.957076697962422,
    93746.98213669173,
    29950.256188462776
  ],
  "num_node_features": 6
}