{
  "scaler_mean": [
    8.92393026941363,
    8.92393026941363,
    11309.342567353408,
    11309.342567353408,
    1347.4222872771618,
    1118.7799617692096,
    2130.9624934272815,
    1991.4910002498225,
    8.606973058637085,
    8.606973058637085,
    13846362.663785715,
    0.9555121422052631,
    0.05071315372424723,
    0.001584786053882726
  ],
  "scaler_scale": [
    5.0421910333396465,
    5.568525520330626,
    25152.673014211203,
    30567.190345036655,
    2489.6436598102378,
    2169.5182266030274,
    6605.328963395533,
    6518.2091468641465,
    5.036558789003691,
    4.970679373755172,
    80582007.82969956,
    0.11948355297266179,
    0.21941132551349327,
    0.03977781425677064
  ],
  "num_node_features": 14
}